FileName,Predictions
0,6
1,7
10,0
100,8
1000,7
1001,6
1002,8
1003,2
1004,2
1005,9
1006,7
1007,1
1008,7
1009,1
101,3
1010,5
1011,4
1012,1
1013,4
1014,9
1015,2
1016,2
1017,3
1018,5
1019,7
102,0
1020,7
1021,8
1022,9
1023,2
1024,6
1025,1
1026,2
1027,5
1028,0
1029,5
103,2
1030,4
1031,4
1032,7
1033,1
1034,6
1035,7
1036,6
1037,8
1038,3
1039,3
104,8
1040,2
1041,9
1042,7
1043,8
1044,9
1045,2
1046,9
1047,6
1048,7
1049,9
105,7
1050,4
1051,2
1052,7
1053,1
1054,8
1055,8
1056,2
1057,5
1058,4
1059,2
106,1
1060,7
1061,1
1062,0
1063,0
1064,1
1065,0
1066,7
1067,9
1068,2
1069,4
107,2
1070,3
1071,7
1072,9
1073,9
1074,9
1075,4
1076,6
1077,6
1078,0
1079,8
108,3
1080,6
1081,1
1082,9
1083,7
1084,3
1085,4
1086,1
1087,7
1088,7
1089,3
109,4
1090,1
1091,8
1092,4
1093,8
1094,8
1095,5
1096,6
1097,0
1098,1
1099,1
11,0
110,3
1100,1
1101,7
1102,3
1103,6
1104,0
1105,8
1106,7
1107,6
1108,4
1109,1
111,2
1110,6
1111,4
1112,9
1113,4
1114,7
1115,1
1116,6
1117,8
1118,6
1119,8
112,8
1120,1
1121,6
1122,7
1123,0
1124,4
1125,1
1126,9
1127,3
1128,2
1129,8
113,1
1130,7
1131,1
1132,5
1133,8
1134,4
1135,0
1136,5
1137,8
1138,5
1139,7
114,9
1140,3
1141,5
1142,1
1143,6
1144,0
1145,7
1146,2
1147,7
1148,2
1149,4
115,0
1150,0
1151,5
1152,4
1153,6
1154,6
1155,5
1156,7
1157,6
1158,3
1159,5
116,1
1160,4
1161,7
1162,0
1163,9
1164,8
1165,9
1166,8
1167,9
1168,1
1169,6
117,4
1170,7
1171,4
1172,6
1173,5
1174,1
1175,0
1176,4
1177,9
1178,1
1179,2
118,8
1180,1
1181,6
1182,1
1183,2
1184,3
1185,4
1186,9
1187,3
1188,4
1189,9
119,1
1190,7
1191,1
1192,7
1193,4
1194,6
1195,5
1196,2
1197,8
1198,2
1199,7
12,4
120,4
1200,6
1201,0
1202,2
1203,8
1204,3
1205,0
1206,0
1207,6
1208,4
1209,4
121,1
1210,1
1211,4
1212,9
1213,3
1214,4
1215,6
1216,4
1217,6
1218,1
1219,8
122,8
1220,7
1221,1
1222,1
1223,4
1224,7
1225,7
1226,6
1227,0
1228,4
1229,6
123,5
1230,7
1231,2
1232,5
1233,3
1234,6
1235,1
1236,0
1237,7
1238,5
1239,5
124,2
1240,9
1241,4
1242,1
1243,7
1244,3
1245,3
1246,3
1247,8
1248,4
1249,2
125,7
1250,5
1251,5
1252,0
1253,4
1254,2
1255,8
1256,4
1257,2
1258,2
1259,3
126,8
1260,0
1261,7
1262,7
1263,3
1264,0
1265,0
1266,4
1267,8
1268,2
1269,9
127,3
1270,4
1271,8
1272,6
1273,0
1274,7
1275,3
1276,2
1277,5
1278,1
1279,1
128,4
1280,6
1281,5
1282,9
1283,2
1284,0
1285,9
1286,1
1287,7
1288,5
1289,7
129,3
1290,5
1291,4
1292,1
1293,2
1294,8
1295,5
1296,7
1297,2
1298,7
1299,4
13,0
130,6
1300,4
1301,4
1302,1
1303,7
1304,5
1305,0
1306,9
1307,0
1308,1
1309,7
131,9
1310,5
1311,4
1312,5
1313,9
1314,9
1315,5
1316,7
1317,3
1318,5
1319,8
132,7
1320,5
1321,7
1322,6
1323,2
1324,0
1325,2
1326,1
1327,3
1328,3
1329,7
133,1
1330,6
1331,7
1332,9
1333,5
1334,8
1335,3
1336,4
1337,3
1338,9
1339,7
134,5
1340,9
1341,6
1342,7
1343,3
1344,2
1345,2
1346,8
1347,6
1348,1
1349,5
135,3
1350,9
1351,6
1352,7
1353,1
1354,7
1355,1
1356,2
1357,3
1358,3
1359,6
136,0
1360,6
1361,5
1362,4
1363,8
1364,7
1365,9
1366,8
1367,1
1368,0
1369,6
137,1
1370,3
1371,5
1372,7
1373,5
1374,1
1375,8
1376,4
1377,0
1378,5
1379,2
138,5
1380,0
1381,4
1382,2
1383,1
1384,3
1385,4
1386,0
1387,5
1388,1
1389,0
139,7
1390,3
1391,7
1392,7
1393,6
1394,5
1395,5
1396,5
1397,3
1398,6
1399,9
14,1
140,1
1400,5
1401,3
1402,3
1403,2
1404,1
1405,9
1406,3
1407,5
1408,9
1409,3
141,7
1410,4
1411,9
1412,1
1413,2
1414,2
1415,8
1416,1
1417,7
1418,3
1419,2
142,1
1420,0
1421,7
1422,9
1423,1
1424,0
1425,8
1426,7
1427,8
1428,1
1429,4
143,4
1430,9
1431,3
1432,5
1433,6
1434,1
1435,6
1436,1
1437,8
1438,3
1439,2
144,4
1440,7
1441,0
1442,0
1443,4
1444,8
1445,9
1446,0
1447,3
1448,8
1449,0
145,3
1450,7
1451,8
1452,7
1453,2
1454,6
1455,9
1456,8
1457,3
1458,2
1459,7
146,3
1460,6
1461,7
1462,7
1463,0
1464,5
1465,8
1466,3
1467,6
1468,9
1469,1
147,9
1470,6
1471,0
1472,9
1473,7
1474,4
1475,4
1476,6
1477,6
1478,6
1479,7
148,6
1480,3
1481,6
1482,7
1483,0
1484,5
1485,9
1486,9
1487,8
1488,3
1489,3
149,3
1490,0
1491,1
1492,6
1493,9
1494,8
1495,3
1496,8
1497,0
1498,5
1499,2
15,5
150,3
1500,9
1501,9
1502,4
1503,8
1504,2
1505,9
1506,6
1507,9
1508,9
1509,2
151,8
1510,3
1511,1
1512,3
1513,5
1514,7
1515,9
1516,4
1517,2
1518,0
1519,7
152,7
1520,2
1521,8
1522,9
1523,1
1524,7
1525,6
1526,6
1527,5
1528,1
1529,1
153,5
1530,2
1531,3
1532,3
1533,8
1534,6
1535,5
1536,3
1537,0
1538,4
1539,2
154,0
1540,4
1541,2
1542,4
1543,9
1544,6
1545,3
1546,6
1547,9
1548,0
1549,7
155,1
1550,4
1551,3
1552,5
1553,0
1554,1
1555,6
1556,5
1557,7
1558,3
1559,5
156,7
1560,1
1561,6
1562,3
1563,3
1564,1
1565,5
1566,7
1567,0
1568,1
1569,8
157,1
1570,7
1571,1
1572,9
1573,3
1574,3
1575,0
1576,0
1577,6
1578,3
1579,7
158,2
1580,2
1581,5
1582,4
1583,1
1584,0
1585,9
1586,2
1587,3
1588,1
1589,3
159,8
1590,8
1591,1
1592,4
1593,7
1594,3
1595,7
1596,0
1597,8
1598,4
1599,9
16,4
160,6
1600,5
1601,7
1602,6
1603,2
1604,5
1605,4
1606,6
1607,7
1608,5
1609,1
161,5
1610,6
1611,4
1612,4
1613,2
1614,8
1615,7
1616,8
1617,1
1618,5
1619,7
162,5
1620,5
1621,7
1622,4
1623,2
1624,8
1625,4
1626,5
1627,7
1628,8
1629,7
163,3
1630,8
1631,7
1632,7
1633,5
1634,1
1635,6
1636,6
1637,7
1638,1
1639,7
164,3
1640,8
1641,1
1642,3
1643,0
1644,5
1645,1
1646,9
1647,3
1648,0
1649,9
165,8
1650,8
1651,9
1652,9
1653,3
1654,9
1655,9
1656,7
1657,1
1658,8
1659,1
166,9
1660,5
1661,7
1662,5
1663,6
1664,6
1665,9
1666,8
1667,6
1668,2
1669,4
167,1
1670,1
1671,7
1672,0
1673,6
1674,9
1675,7
1676,5
1677,5
1678,2
1679,8
168,0
1680,6
1681,7
1682,5
1683,8
1684,7
1685,5
1686,2
1687,7
1688,1
1689,3
169,6
1690,5
1691,6
1692,2
1693,0
1694,4
1695,7
1696,4
1697,5
1698,9
1699,2
17,9
170,6
1700,5
1701,1
1702,5
1703,7
1704,6
1705,0
1706,4
1707,8
1708,5
1709,8
171,4
1710,9
1711,7
1712,9
1713,4
1714,9
1715,5
1716,7
1717,2
1718,5
1719,1
172,4
1720,8
1721,8
1722,5
1723,1
1724,9
1725,9
1726,5
1727,2
1728,2
1729,8
173,4
1730,2
1731,2
1732,5
1733,2
1734,7
1735,8
1736,1
1737,6
1738,5
1739,3
174,8
1740,1
1741,5
1742,0
1743,5
1744,7
1745,3
1746,9
1747,8
1748,0
1749,8
175,2
1750,2
1751,0
1752,8
1753,3
1754,2
1755,9
1756,8
1757,1
1758,5
1759,2
176,3
1760,0
1761,0
1762,2
1763,3
1764,8
1765,8
1766,1
1767,9
1768,6
1769,5
177,3
1770,6
1771,7
1772,1
1773,9
1774,1
1775,3
1776,4
1777,8
1778,6
1779,5
178,1
1780,2
1781,4
1782,0
1783,8
1784,2
1785,8
1786,9
1787,3
1788,6
1789,2
179,2
1790,5
1791,2
1792,6
1793,8
1794,1
1795,1
1796,8
1797,0
1798,9
1799,5
18,0
180,0
1800,7
1801,4
1802,0
1803,6
1804,3
1805,1
1806,5
1807,1
1808,2
1809,7
181,5
1810,5
1811,0
1812,5
1813,7
1814,2
1815,2
1816,8
1817,7
1818,5
1819,6
182,8
1820,2
1821,7
1822,5
1823,5
1824,8
1825,3
1826,8
1827,2
1828,0
1829,3
183,7
1830,0
1831,7
1832,1
1833,8
1834,8
1835,1
1836,9
1837,9
1838,6
1839,2
184,8
1840,3
1841,7
1842,2
1843,0
1844,9
1845,0
1846,4
1847,4
1848,4
1849,4
185,3
1850,0
1851,2
1852,1
1853,1
1854,3
1855,8
1856,1
1857,0
1858,9
1859,4
186,7
1860,7
1861,4
1862,8
1863,6
1864,7
1865,8
1866,3
1867,0
1868,1
1869,5
187,2
1870,1
1871,1
1872,1
1873,8
1874,5
1875,3
1876,7
1877,5
1878,1
1879,7
188,6
1880,9
1881,5
1882,6
1883,7
1884,7
1885,9
1886,0
1887,0
1888,7
1889,5
189,9
1890,6
1891,3
1892,3
1893,2
1894,9
1895,4
1896,3
1897,8
1898,0
1899,4
19,6
190,6
1900,5
1901,1
1902,0
1903,3
1904,1
1905,4
1906,6
1907,2
1908,6
1909,0
191,9
1910,4
1911,5
1912,6
1913,3
1914,4
1915,9
1916,3
1917,0
1918,4
1919,1
192,2
1920,4
1921,0
1922,8
1923,6
1924,3
1925,6
1926,0
1927,7
1928,4
1929,2
193,8
1930,7
1931,6
1932,6
1933,1
1934,9
1935,4
1936,9
1937,9
1938,7
1939,6
194,8
1940,0
1941,3
1942,3
1943,5
1944,6
1945,5
1946,3
1947,0
1948,9
1949,3
195,6
1950,2
1951,1
1952,8
1953,2
1954,8
1955,4
1956,7
1957,4
1958,0
1959,9
196,8
1960,4
1961,3
1962,5
1963,2
1964,2
1965,1
1966,6
1967,5
1968,3
1969,0
197,9
1970,1
1971,5
1972,9
1973,0
1974,6
1975,4
1976,8
1977,0
1978,5
1979,4
198,1
1980,5
1981,0
1982,1
1983,8
1984,4
1985,7
1986,1
1987,0
1988,0
1989,9
199,4
1990,3
1991,4
1992,3
1993,1
1994,9
1995,1
1996,1
1997,2
1998,1
1999,8
2,5
20,5
200,2
2000,7
2001,7
2002,8
2003,6
2004,0
2005,4
2006,3
2007,1
2008,5
2009,0
201,7
2010,5
2011,9
2012,9
2013,6
2014,6
2015,1
2016,1
2017,2
2018,8
2019,5
202,8
2020,7
2021,4
2022,7
2023,1
2024,0
2025,8
2026,8
2027,0
2028,3
2029,6
203,7
2030,5
2031,3
2032,5
2033,2
2034,2
2035,8
2036,9
2037,7
2038,8
2039,8
204,4
2040,9
2041,5
2042,4
2043,0
2044,1
2045,3
2046,5
2047,8
2048,0
2049,4
205,3
2050,1
2051,5
2052,1
2053,1
2054,3
2055,8
2056,7
2057,9
2058,8
2059,8
206,4
2060,4
2061,5
2062,9
2063,7
2064,4
2065,9
2066,3
2067,6
2068,6
2069,3
207,4
2070,1
2071,6
2072,2
2073,5
2074,8
2075,9
2076,9
2077,2
2078,2
2079,1
208,2
2080,1
2081,5
2082,2
2083,9
2084,4
2085,0
2086,3
2087,7
2088,9
2089,4
209,5
2090,7
2091,1
2092,8
2093,8
2094,3
2095,1
2096,6
2097,5
2098,3
2099,8
21,3
210,9
2100,7
2101,4
2102,0
2103,6
2104,9
2105,8
2106,7
2107,6
2108,8
2109,8
211,4
2110,1
2111,3
2112,7
2113,7
2114,9
2115,8
2116,3
2117,8
2118,4
2119,7
212,8
2120,6
2121,3
2122,1
2123,0
2124,7
2125,4
2126,7
2127,7
2128,5
2129,2
213,3
2130,5
2131,5
2132,9
2133,5
2134,4
2135,2
2136,6
2137,5
2138,1
2139,1
214,4
2140,0
2141,2
2142,5
2143,4
2144,1
2145,4
2146,6
2147,9
2148,9
2149,1
215,1
2150,4
2151,1
2152,7
2153,5
2154,9
2155,8
2156,4
2157,1
2158,8
2159,2
216,9
2160,3
2161,7
2162,7
2163,6
2164,1
2165,1
2166,9
2167,9
2168,1
2169,1
217,3
2170,4
2171,5
2172,0
2173,8
2174,8
2175,5
2176,1
2177,4
2178,1
2179,5
218,6
2180,7
2181,0
2182,7
2183,6
2184,8
2185,8
2186,2
2187,6
2188,8
2189,5
219,1
2190,0
2191,8
2192,8
2193,4
2194,9
2195,3
2196,2
2197,6
2198,9
2199,6
22,1
220,0
2200,2
2201,6
2202,3
2203,3
2204,8
2205,5
2206,3
2207,7
2208,8
2209,4
221,0
2210,0
2211,8
2212,9
2213,2
2214,0
2215,0
2216,3
2217,0
2218,6
2219,7
222,0
2220,3
2221,7
2222,3
2223,6
2224,5
2225,3
2226,7
2227,3
2228,3
2229,6
223,4
2230,8
2231,2
2232,8
2233,8
2234,9
2235,2
2236,1
2237,1
2238,8
2239,1
224,2
2240,0
2241,8
2242,0
2243,5
2244,3
2245,6
2246,7
2247,8
2248,9
2249,0
225,1
2250,5
2251,7
2252,2
2253,8
2254,6
2255,3
2256,4
2257,9
2258,4
2259,7
226,4
2260,9
2261,0
2262,7
2263,4
2264,6
2265,5
2266,5
2267,5
2268,5
2269,7
227,4
2270,0
2271,6
2272,0
2273,6
2274,6
2275,5
2276,6
2277,8
2278,0
2279,5
228,9
2280,4
2281,3
2282,2
2283,1
2284,2
2285,6
2286,7
2287,8
2288,0
2289,1
229,8
2290,2
2291,3
2292,5
2293,4
2294,0
2295,0
2296,3
2297,1
2298,2
2299,3
23,3
230,7
2300,1
2301,3
2302,9
2303,1
2304,4
2305,6
2306,5
2307,4
2308,2
2309,2
231,2
2310,5
2311,3
2312,1
2313,9
2314,0
2315,7
2316,7
2317,2
2318,3
2319,9
232,8
2320,1
2321,2
2322,6
2323,5
2324,6
2325,9
2326,0
2327,8
2328,0
2329,5
233,1
2330,0
2331,1
2332,5
2333,9
2334,5
2335,8
2336,9
2337,0
2338,2
2339,2
234,6
2340,8
2341,7
2342,8
2343,4
2344,8
2345,0
2346,0
2347,1
2348,5
2349,8
235,1
2350,4
2351,9
2352,7
2353,5
2354,6
2355,8
2356,9
2357,5
2358,6
2359,2
236,6
2360,3
2361,2
2362,3
2363,5
2364,1
2365,0
2366,1
2367,1
2368,4
2369,5
237,8
2370,9
2371,8
2372,6
2373,4
2374,9
2375,5
2376,3
2377,0
2378,8
2379,9
238,5
2380,2
2381,0
2382,4
2383,3
2384,3
2385,0
2386,7
2387,4
2388,4
2389,4
239,9
2390,7
2391,5
2392,2
2393,3
2394,8
2395,5
2396,6
2397,0
2398,1
2399,4
24,2
240,8
2400,9
2401,4
2402,5
2403,6
2404,1
2405,3
2406,8
2407,6
2408,7
2409,7
241,0
2410,1
2411,9
2412,9
2413,1
2414,9
2415,2
2416,2
2417,9
2418,8
2419,6
242,8
2420,9
2421,1
2422,9
2423,3
2424,6
2425,1
2426,8
2427,5
2428,3
2429,8
243,9
2430,6
2431,2
2432,4
2433,1
2434,3
2435,9
2436,2
2437,7
2438,3
2439,8
244,0
2440,7
2441,1
2442,2
2443,7
2444,6
2445,3
2446,2
2447,8
2448,5
2449,4
245,5
2450,7
2451,5
2452,9
2453,5
2454,3
2455,7
2456,4
2457,9
2458,5
2459,2
246,1
2460,4
2461,1
2462,6
2463,0
2464,6
2465,4
2466,0
2467,0
2468,8
2469,9
247,6
2470,0
2471,1
2472,2
2473,6
2474,4
2475,9
2476,8
2477,5
2478,0
2479,0
248,0
2480,3
2481,8
2482,3
2483,5
2484,1
2485,6
2486,8
2487,8
2488,4
2489,8
249,5
2490,4
2491,6
2492,2
2493,0
2494,3
2495,4
2496,0
2497,1
2498,8
2499,5
25,6
250,9
2500,8
2501,7
2502,2
2503,2
2504,3
2505,3
2506,3
2507,5
2508,2
2509,9
251,2
2510,0
2511,2
2512,7
2513,6
2514,0
2515,3
2516,3
2517,4
2518,0
2519,1
252,9
2520,3
2521,4
2522,0
2523,1
2524,3
2525,4
2526,8
2527,1
2528,7
2529,3
253,6
2530,5
2531,8
2532,3
2533,0
2534,9
2535,9
2536,3
2537,5
2538,4
2539,3
254,7
2540,3
2541,7
2542,1
2543,1
2544,1
2545,3
2546,6
2547,9
2548,4
2549,6
255,6
2550,6
2551,9
2552,4
2553,8
2554,4
2555,7
2556,7
2557,5
2558,6
2559,8
256,3
2560,3
2561,6
2562,8
2563,3
2564,6
2565,6
2566,6
2567,7
2568,3
2569,5
257,7
2570,9
2571,2
2572,5
2573,5
2574,8
2575,0
2576,4
2577,9
2578,3
2579,4
258,5
2580,8
2581,7
2582,5
2583,9
2584,0
2585,6
2586,4
2587,3
2588,4
2589,3
259,5
2590,9
2591,2
2592,0
2593,9
2594,0
2595,2
2596,7
2597,4
2598,6
2599,2
26,5
260,7
2600,3
2601,8
2602,6
2603,2
2604,5
2605,5
2606,2
2607,5
2608,3
2609,8
261,1
2610,6
2611,2
2612,0
2613,9
2614,9
2615,1
2616,0
2617,5
2618,1
2619,5
262,6
2620,1
2621,8
2622,3
2623,5
2624,6
2625,1
2626,5
2627,9
2628,9
2629,0
263,9
2630,1
2631,6
2632,0
2633,1
2634,3
2635,1
2636,6
2637,4
2638,1
2639,4
264,2
2640,9
2641,2
2642,5
2643,8
2644,0
2645,3
2646,3
2647,6
2648,6
2649,7
265,3
2650,4
2651,7
2652,1
2653,4
2654,4
2655,9
2656,8
2657,8
2658,6
2659,3
266,8
2660,8
2661,5
2662,8
2663,4
2664,5
2665,2
2666,9
2667,9
2668,7
2669,9
267,2
2670,6
2671,4
2672,1
2673,1
2674,9
2675,8
2676,6
2677,1
2678,7
2679,4
268,5
2680,6
2681,3
2682,9
2683,7
2684,8
2685,2
2686,9
2687,1
2688,0
2689,2
269,7
2690,1
2691,0
2692,9
2693,8
2694,3
2695,9
2696,1
2697,2
2698,6
2699,1
27,5
270,8
2700,4
2701,4
2702,1
2703,0
2704,4
2705,5
2706,1
2707,1
2708,9
2709,8
271,2
2710,2
2711,9
2712,0
2713,3
2714,7
2715,0
2716,0
2717,9
2718,1
2719,7
272,1
2720,3
2721,0
2722,2
2723,6
2724,6
2725,5
2726,6
2727,3
2728,9
2729,5
273,8
2730,3
2731,8
2732,3
2733,6
2734,5
2735,4
2736,7
2737,0
2738,8
2739,5
274,1
2740,4
2741,5
2742,8
2743,6
2744,3
2745,8
2746,7
2747,2
2748,2
2749,8
275,1
2750,0
2751,9
2752,8
2753,2
2754,3
2755,3
2756,7
2757,4
2758,8
2759,9
276,9
2760,1
2761,4
2762,0
2763,8
2764,6
2765,2
2766,5
2767,0
2768,3
2769,3
277,0
2770,4
2771,4
2772,4
2773,7
2774,3
2775,3
2776,3
2777,7
2778,9
2779,8
278,8
2780,7
2781,5
2782,5
2783,2
2784,3
2785,5
2786,3
2787,7
2788,3
2789,9
279,0
2790,3
2791,5
2792,8
2793,7
2794,1
2795,8
2796,6
2797,1
2798,8
2799,0
28,2
280,4
2800,6
2801,0
2802,4
2803,6
2804,4
2805,1
2806,7
2807,3
2808,7
2809,0
281,1
2810,5
2811,6
2812,9
2813,5
2814,0
2815,8
2816,1
2817,6
2818,4
2819,4
282,8
2820,1
2821,3
2822,5
2823,5
2824,9
2825,9
2826,7
2827,3
2828,5
2829,4
283,0
2830,8
2831,0
2832,7
2833,6
2834,9
2835,9
2836,4
2837,6
2838,0
2839,3
284,0
2840,6
2841,0
2842,7
2843,6
2844,8
2845,4
2846,7
2847,5
2848,0
2849,8
285,2
2850,5
2851,3
2852,3
2853,2
2854,7
2855,6
2856,8
2857,3
2858,7
2859,6
286,9
2860,8
2861,3
2862,4
2863,6
2864,6
2865,1
2866,9
2867,8
2868,9
2869,3
287,0
2870,0
2871,9
2872,9
2873,1
2874,2
2875,4
2876,3
2877,5
2878,6
2879,4
288,9
2880,4
2881,5
2882,6
2883,7
2884,9
2885,7
2886,9
2887,2
2888,0
2889,7
289,1
2890,3
2891,4
2892,0
2893,3
2894,2
2895,5
2896,7
2897,6
2898,4
2899,1
29,7
290,8
2900,2
2901,7
2902,7
2903,0
2904,0
2905,7
2906,4
2907,1
2908,3
2909,2
291,3
2910,4
2911,3
2912,6
2913,4
2914,8
2915,2
2916,7
2917,1
2918,3
2919,5
292,7
2920,9
2921,2
2922,8
2923,3
2924,1
2925,1
2926,8
2927,2
2928,6
2929,8
293,7
2930,4
2931,1
2932,0
2933,4
2934,4
2935,5
2936,9
2937,0
2938,8
2939,9
294,5
2940,4
2941,0
2942,9
2943,6
2944,3
2945,4
2946,2
2947,2
2948,1
2949,4
295,3
2950,5
2951,9
2952,9
2953,6
2954,5
2955,6
2956,3
2957,1
2958,6
2959,9
296,4
2960,4
2961,3
2962,6
2963,4
2964,9
2965,9
2966,9
2967,0
2968,8
2969,6
297,9
2970,5
2971,0
2972,8
2973,6
2974,5
2975,7
2976,9
2977,7
2978,8
2979,5
298,0
2980,0
2981,2
2982,7
2983,8
2984,6
2985,7
2986,2
2987,7
2988,1
2989,4
299,4
2990,9
2991,8
2992,3
2993,8
2994,6
2995,9
2996,2
2997,7
2998,6
2999,9
3,0
30,1
300,8
3000,4
3001,4
3002,9
3003,4
3004,5
3005,0
3006,6
3007,2
3008,5
3009,8
301,9
3010,7
3011,6
3012,4
3013,1
3014,9
3015,8
3016,2
3017,4
3018,2
3019,9
302,1
3020,2
3021,7
3022,0
3023,3
3024,2
3025,0
3026,6
3027,5
3028,3
3029,7
303,9
3030,8
3031,4
3032,7
3033,1
3034,4
3035,1
3036,2
3037,7
3038,1
3039,3
304,1
3040,7
3041,2
3042,4
3043,4
3044,7
3045,7
3046,6
3047,0
3048,2
3049,3
305,5
3050,1
3051,0
3052,2
3053,1
3054,0
3055,6
3056,4
3057,0
3058,5
3059,0
306,0
3060,0
3061,1
3062,6
3063,8
3064,0
3065,8
3066,2
3067,2
3068,9
3069,4
307,1
3070,1
3071,4
3072,4
3073,5
3074,4
3075,2
3076,9
3077,1
3078,4
3079,1
308,6
3080,5
3081,5
3082,8
3083,0
3084,5
3085,2
3086,8
3087,6
3088,6
3089,4
309,7
3090,9
3091,8
3092,5
3093,4
3094,9
3095,1
3096,4
3097,0
3098,5
3099,8
31,6
310,5
3100,7
3101,2
3102,9
3103,9
3104,3
3105,2
3106,9
3107,8
3108,9
3109,0
311,4
3110,0
3111,8
3112,2
3113,0
3114,6
3115,3
3116,5
3117,1
3118,4
3119,8
312,5
3120,9
3121,3
3122,4
3123,5
3124,3
3125,2
3126,0
3127,0
3128,4
3129,3
313,2
3130,8
3131,2
3132,2
3133,2
3134,0
3135,8
3136,3
3137,6
3138,0
3139,2
314,5
3140,7
3141,6
3142,4
3143,9
3144,1
3145,6
3146,8
3147,7
3148,7
3149,7
315,0
3150,8
3151,0
3152,2
3153,7
3154,0
3155,5
3156,2
3157,8
3158,9
3159,0
316,3
3160,4
3161,1
3162,3
3163,2
3164,0
3165,0
3166,3
3167,6
3168,9
3169,1
317,2
3170,0
3171,3
3172,1
3173,4
3174,5
3175,6
3176,7
3177,1
3178,7
3179,4
318,8
3180,3
3181,5
3182,6
3183,6
3184,9
3185,7
3186,2
3187,2
3188,7
3189,7
319,5
3190,5
3191,6
3192,7
3193,6
3194,9
3195,5
3196,9
3197,8
3198,2
3199,0
32,3
320,9
3200,9
3201,6
3202,3
3203,6
3204,5
3205,1
3206,5
3207,5
3208,3
3209,9
321,4
3210,3
3211,2
3212,7
3213,8
3214,4
3215,5
3216,4
3217,1
3218,6
3219,2
322,5
3220,3
3221,6
3222,3
3223,1
3224,5
3225,2
3226,7
3227,8
3228,0
3229,2
323,7
3230,7
3231,9
3232,3
3233,6
3234,4
3235,6
3236,8
3237,4
3238,5
3239,6
324,3
3240,1
3241,2
3242,9
3243,3
3244,5
3245,5
3246,0
3247,3
3248,3
3249,2
325,7
3250,8
3251,5
3252,5
3253,0
3254,1
3255,5
3256,8
3257,9
3258,3
3259,6
326,5
3260,2
3261,3
3262,2
3263,1
3264,0
3265,2
3266,8
3267,6
3268,2
3269,7
327,6
3270,7
3271,9
3272,1
3273,7
3274,0
3275,4
3276,7
3277,0
3278,9
3279,0
328,0
3280,8
3281,3
3282,5
3283,8
3284,5
3285,8
3286,9
3287,4
3288,7
3289,9
329,2
3290,8
3291,3
3292,6
3293,4
3294,3
3295,0
3296,2
3297,5
3298,3
3299,1
33,7
330,5
3300,1
3301,2
3302,7
3303,9
3304,2
3305,9
3306,0
3307,3
3308,0
3309,2
331,1
3310,2
3311,8
3312,2
3313,3
3314,5
3315,8
3316,2
3317,8
3318,9
3319,7
332,2
3320,4
3321,4
3322,3
3323,0
3324,5
3325,4
3326,7
3327,4
3328,5
3329,5
333,6
3330,2
3331,2
3332,2
3333,5
3334,5
3335,7
3336,3
3337,2
3338,3
3339,4
334,8
3340,3
3341,7
3342,5
3343,5
3344,0
3345,5
3346,9
3347,0
3348,4
3349,2
335,1
3350,3
3351,4
3352,4
3353,3
3354,1
3355,4
3356,6
3357,1
3358,1
3359,4
336,1
3360,2
3361,0
3362,2
3363,2
3364,9
3365,4
3366,7
3367,7
3368,6
3369,9
337,5
3370,1
3371,1
3372,3
3373,3
3374,7
3375,3
3376,1
3377,3
3378,1
3379,7
338,8
3380,7
3381,2
3382,6
3383,3
3384,9
3385,7
3386,9
3387,0
3388,1
3389,4
339,0
3390,6
3391,8
3392,5
3393,8
3394,3
3395,8
3396,0
3397,0
3398,2
3399,7
34,9
340,6
3400,3
3401,9
3402,1
3403,8
3404,7
3405,9
3406,6
3407,9
3408,2
3409,9
341,9
3410,6
3411,7
3412,8
3413,1
3414,7
3415,9
3416,0
3417,4
3418,6
3419,0
342,7
3420,5
3421,9
3422,2
3423,5
3424,8
3425,2
3426,2
3427,7
3428,9
3429,0
343,9
3430,2
3431,4
3432,7
3433,0
3434,5
3435,3
3436,3
3437,0
3438,3
3439,9
344,4
3440,9
3441,6
3442,1
3443,8
3444,4
3445,8
3446,7
3447,8
3448,6
3449,9
345,1
3450,5
3451,8
3452,1
3453,9
3454,2
3455,0
3456,7
3457,9
3458,4
3459,1
346,6
3460,6
3461,0
3462,1
3463,5
3464,6
3465,8
3466,1
3467,7
3468,3
3469,0
347,9
3470,0
3471,9
3472,4
3473,9
3474,6
3475,6
3476,6
3477,8
3478,8
3479,8
348,8
3480,1
3481,4
3482,3
3483,9
3484,4
3485,2
3486,8
3487,0
3488,0
3489,9
349,7
3490,5
3491,1
3492,0
3493,9
3494,6
3495,4
3496,9
3497,3
3498,6
3499,5
35,2
350,6
3500,0
3501,6
3502,3
3503,3
3504,4
3505,6
3506,5
3507,9
3508,7
3509,5
351,3
3510,8
3511,8
3512,4
3513,6
3514,7
3515,6
3516,5
3517,9
3518,1
3519,9
352,9
3520,6
3521,9
3522,2
3523,0
3524,8
3525,8
3526,2
3527,1
3528,6
3529,7
353,7
3530,1
3531,2
3532,9
3533,8
3534,2
3535,2
3536,9
3537,1
3538,1
3539,1
354,5
3540,0
3541,7
3542,7
3543,7
3544,0
3545,1
3546,3
3547,3
3548,1
3549,6
355,6
3550,1
3551,8
3552,0
3553,3
3554,2
3555,9
3556,1
3557,0
3558,8
3559,3
356,4
3560,3
3561,7
3562,3
3563,3
3564,7
3565,2
3566,9
3567,9
3568,4
3569,5
357,7
3570,2
3571,7
3572,2
3573,5
3574,1
3575,1
3576,7
3577,9
3578,3
3579,3
358,2
3580,3
3581,7
3582,2
3583,8
3584,3
3585,3
3586,4
3587,6
3588,1
3589,9
359,0
3590,7
3591,2
3592,7
3593,3
3594,0
3595,2
3596,0
3597,2
3598,4
3599,5
36,4
360,6
3600,2
3601,5
3602,2
3603,8
3604,1
3605,4
3606,3
3607,3
3608,8
3609,4
361,4
3610,6
3611,6
3612,9
3613,0
3614,4
3615,7
3616,6
3617,6
3618,4
3619,6
362,8
3620,8
3621,9
3622,9
3623,8
3624,3
3625,5
3626,4
3627,4
3628,6
3629,4
363,5
3630,5
3631,8
3632,0
3633,4
3634,0
3635,2
3636,4
3637,8
3638,6
3639,0
364,5
3640,3
3641,2
3642,8
3643,1
3644,8
3645,3
3646,5
3647,2
3648,3
3649,6
365,3
3650,8
3651,1
3652,3
3653,1
3654,9
3655,6
3656,7
3657,5
3658,3
3659,7
366,8
3660,6
3661,6
3662,1
3663,9
3664,1
3665,7
3666,9
3667,4
3668,0
3669,9
367,5
3670,9
3671,0
3672,9
3673,7
3674,0
3675,1
3676,2
3677,4
3678,5
3679,1
368,1
3680,7
3681,3
3682,7
3683,7
3684,8
3685,6
3686,3
3687,9
3688,4
3689,9
369,2
3690,9
3691,8
3692,1
3693,1
3694,5
3695,4
3696,6
3697,3
3698,1
3699,2
37,7
370,7
3700,3
3701,5
3702,1
3703,8
3704,2
3705,7
3706,6
3707,5
3708,4
3709,8
371,9
3710,7
3711,1
3712,1
3713,6
3714,1
3715,0
3716,2
3717,7
3718,1
3719,2
372,3
3720,6
3721,3
3722,4
3723,8
3724,4
3725,8
3726,8
3727,1
3728,2
3729,8
373,3
3730,7
3731,3
3732,2
3733,9
3734,8
3735,2
3736,8
3737,0
3738,6
3739,6
374,8
3740,0
3741,5
3742,0
3743,5
3744,1
3745,4
3746,6
3747,1
3748,4
3749,2
375,9
3750,2
3751,0
3752,8
3753,3
3754,7
3755,2
3756,7
3757,6
3758,1
3759,0
376,2
3760,1
3761,2
3762,2
3763,4
3764,2
3765,7
3766,7
3767,6
3768,0
3769,4
377,7
3770,0
3771,4
3772,1
3773,4
3774,6
3775,5
3776,7
3777,6
3778,3
3779,6
378,5
3780,8
3781,7
3782,8
3783,0
3784,7
3785,5
3786,8
3787,5
3788,5
3789,9
379,1
3790,4
3791,0
3792,6
3793,2
3794,5
3795,5
3796,8
3797,5
3798,3
3799,9
38,9
380,9
3800,3
3801,1
3802,6
3803,4
3804,1
3805,2
3806,2
3807,0
3808,3
3809,7
381,2
3810,7
3811,6
3812,4
3813,2
3814,7
3815,9
3816,8
3817,2
3818,8
3819,4
382,1
3820,2
3821,4
3822,9
3823,5
3824,7
3825,5
3826,7
3827,2
3828,6
3829,8
383,6
3830,9
3831,4
3832,0
3833,6
3834,1
3835,0
3836,9
3837,4
3838,3
3839,7
384,5
3840,4
3841,8
3842,3
3843,3
3844,6
3845,3
3846,3
3847,9
3848,6
3849,9
385,3
3850,7
3851,3
3852,5
3853,1
3854,3
3855,2
3856,2
3857,4
3858,4
3859,2
386,3
3860,5
3861,4
3862,3
3863,5
3864,9
3865,0
3866,4
3867,7
3868,5
3869,0
387,1
3870,0
3871,9
3872,1
3873,1
3874,3
3875,2
3876,0
3877,7
3878,8
3879,9
388,8
3880,9
3881,7
3882,4
3883,9
3884,7
3885,1
3886,8
3887,2
3888,2
3889,5
389,0
3890,4
3891,4
3892,5
3893,9
3894,8
3895,6
3896,8
3897,5
3898,4
3899,5
39,5
390,2
3900,8
3901,1
3902,9
3903,9
3904,5
3905,8
3906,7
3907,4
3908,5
3909,1
391,3
3910,6
3911,3
3912,3
3913,0
3914,3
3915,0
3916,2
3917,9
3918,1
3919,0
392,0
3920,9
3921,1
3922,8
3923,8
3924,0
3925,2
3926,6
3927,2
3928,4
3929,1
393,4
3930,1
3931,9
3932,4
3933,7
3934,2
3935,5
3936,5
3937,1
3938,3
3939,8
394,3
3940,0
3941,2
3942,9
3943,8
3944,9
3945,4
3946,1
3947,9
3948,8
3949,8
395,7
3950,5
3951,8
3952,7
3953,9
3954,8
3955,8
3956,7
3957,1
3958,6
3959,7
396,4
3960,3
3961,5
3962,6
3963,6
3964,4
3965,0
3966,9
3967,7
3968,2
3969,5
397,0
3970,0
3971,6
3972,0
3973,4
3974,0
3975,7
3976,8
3977,1
3978,9
3979,7
398,1
3980,9
3981,0
3982,5
3983,9
3984,9
3985,9
3986,8
3987,0
3988,6
3989,5
399,0
3990,9
3991,8
3992,7
3993,9
3994,4
3995,1
3996,8
3997,8
3998,9
3999,0
4,3
40,1
400,1
4000,2
4001,7
4002,4
4003,3
4004,4
4005,2
4006,4
4007,1
4008,4
4009,7
401,5
4010,5
4011,6
4012,0
4013,9
4014,3
4015,6
4016,2
4017,8
4018,9
4019,1
402,9
4020,2
4021,4
4022,9
4023,3
4024,5
4025,8
4026,4
4027,6
4028,2
4029,8
403,5
4030,8
4031,8
4032,3
4033,6
4034,4
4035,6
4036,4
4037,3
4038,9
4039,3
404,0
4040,9
4041,2
4042,5
4043,8
4044,2
4045,0
4046,4
4047,6
4048,7
4049,9
405,0
4050,0
4051,3
4052,0
4053,4
4054,4
4055,6
4056,6
4057,7
4058,8
4059,7
406,9
4060,9
4061,1
4062,3
4063,4
4064,8
4065,2
4066,1
4067,8
4068,6
4069,8
407,2
4070,8
4071,0
4072,8
4073,5
4074,6
4075,3
4076,8
4077,6
4078,1
4079,2
408,7
4080,7
4081,7
4082,8
4083,6
4084,1
4085,5
4086,3
4087,7
4088,1
4089,4
409,2
4090,1
4091,5
4092,7
4093,6
4094,9
4095,9
4096,7
4097,0
4098,2
4099,2
41,9
410,2
4100,8
4101,3
4102,9
4103,7
4104,2
4105,6
4106,5
4107,1
4108,7
4109,2
411,7
4110,1
4111,1
4112,4
4113,5
4114,4
4115,0
4116,3
4117,4
4118,4
4119,8
412,6
4120,0
4121,3
4122,2
4123,8
4124,6
4125,2
4126,7
4127,2
4128,8
4129,9
413,8
4130,0
4131,7
4132,1
4133,7
4134,2
4135,4
4136,0
4137,2
4138,7
4139,7
414,8
4140,7
4141,9
4142,7
4143,4
4144,9
4145,9
4146,1
4147,2
4148,6
4149,7
415,7
4150,2
4151,0
4152,8
4153,6
4154,0
4155,4
4156,0
4157,6
4158,9
4159,0
416,3
4160,1
4161,6
4162,1
4163,1
4164,8
4165,9
4166,1
4167,0
4168,1
4169,0
417,9
4170,8
4171,0
4172,7
4173,6
4174,3
4175,6
4176,3
4177,8
4178,0
4179,5
418,0
4180,5
4181,9
4182,6
4183,2
4184,3
4185,6
4186,0
4187,3
4188,1
4189,5
419,9
4190,5
4191,8
4192,3
4193,7
4194,2
4195,3
4196,8
4197,8
4198,3
4199,4
42,0
420,6
4200,3
4201,2
4202,8
4203,8
4204,0
4205,3
4206,0
4207,3
4208,2
4209,4
421,1
4210,7
4211,0
4212,1
4213,4
4214,2
4215,1
4216,3
4217,2
4218,0
4219,6
422,0
4220,2
4221,7
4222,7
4223,4
4224,5
4225,9
4226,5
4227,9
4228,0
4229,3
423,1
4230,8
4231,5
4232,6
4233,7
4234,6
4235,8
4236,7
4237,8
4238,7
4239,9
424,2
4240,8
4241,3
4242,8
4243,6
4244,6
4245,4
4246,0
4247,0
4248,5
4249,4
425,6
4250,7
4251,6
4252,9
4253,6
4254,6
4255,0
4256,8
4257,4
4258,0
4259,3
426,2
4260,2
4261,5
4262,6
4263,7
4264,3
4265,5
4266,2
4267,3
4268,4
4269,9
427,3
4270,0
4271,6
4272,0
4273,4
4274,6
4275,3
4276,6
4277,3
4278,3
4279,9
428,5
4280,7
4281,2
4282,7
4283,4
4284,8
4285,8
4286,1
4287,1
4288,5
4289,7
429,9
4290,4
4291,4
4292,2
4293,2
4294,1
4295,6
4296,6
4297,9
4298,1
4299,0
43,6
430,8
4300,2
4301,8
4302,6
4303,0
4304,2
4305,2
4306,0
4307,8
4308,7
4309,1
431,6
4310,2
4311,8
4312,8
4313,6
4314,9
4315,4
4316,2
4317,1
4318,4
4319,8
432,6
4320,9
4321,6
4322,5
4323,3
4324,8
4325,8
4326,8
4327,9
4328,5
4329,9
433,4
4330,3
4331,7
4332,4
4333,6
4334,2
4335,3
4336,8
4337,6
4338,4
4339,2
434,6
4340,0
4341,6
4342,9
4343,8
4344,6
4345,1
4346,5
4347,6
4348,1
4349,4
435,3
4350,1
4351,9
4352,4
4353,5
4354,9
4355,8
4356,3
4357,8
4358,4
4359,2
436,1
4360,3
4361,1
4362,9
4363,2
4364,0
4365,2
4366,2
4367,8
4368,4
4369,6
437,2
4370,4
4371,7
4372,3
4373,7
4374,8
4375,0
4376,9
4377,1
4378,7
4379,4
438,0
4380,8
4381,7
4382,8
4383,3
4384,4
4385,0
4386,3
4387,1
4388,4
4389,2
439,2
4390,9
4391,8
4392,7
4393,6
4394,0
4395,1
4396,2
4397,6
4398,9
4399,0
44,6
440,3
4400,3
4401,4
4402,4
4403,7
4404,6
4405,5
4406,2
4407,3
4408,2
4409,9
441,8
4410,1
4411,6
4412,5
4413,0
4414,6
4415,3
4416,6
4417,5
4418,2
4419,5
442,0
4420,6
4421,6
4422,7
4423,5
4424,4
4425,8
4426,6
4427,0
4428,2
4429,6
443,6
4430,6
4431,6
4432,6
4433,3
4434,8
4435,1
4436,0
4437,2
4438,3
4439,2
444,0
4440,2
4441,7
4442,9
4443,2
4444,5
4445,9
4446,2
4447,3
4448,1
4449,9
445,4
4450,7
4451,6
4452,3
4453,0
4454,4
4455,9
4456,0
4457,5
4458,8
4459,8
446,5
4460,5
4461,0
4462,7
4463,3
4464,3
4465,2
4466,6
4467,7
4468,9
4469,6
447,5
4470,5
4471,0
4472,0
4473,3
4474,5
4475,7
4476,6
4477,5
4478,4
4479,2
448,2
4480,0
4481,9
4482,5
4483,8
4484,0
4485,3
4486,0
4487,8
4488,0
4489,4
449,6
4490,0
4491,0
4492,6
4493,0
4494,5
4495,8
4496,4
4497,4
4498,6
4499,0
45,9
450,1
4500,6
4501,0
4502,0
4503,1
4504,4
4505,6
4506,6
4507,9
4508,3
4509,2
451,5
4510,9
4511,8
4512,2
4513,4
4514,4
4515,7
4516,3
4517,6
4518,5
4519,6
452,8
4520,6
4521,2
4522,1
4523,7
4524,8
4525,5
4526,5
4527,1
4528,8
4529,9
453,8
4530,0
4531,3
4532,5
4533,0
4534,6
4535,0
4536,5
4537,1
4538,2
4539,0
454,5
4540,3
4541,4
4542,6
4543,4
4544,7
4545,2
4546,3
4547,5
4548,2
4549,7
455,0
4550,0
4551,3
4552,8
4553,5
4554,3
4555,2
4556,0
4557,5
4558,3
4559,4
456,0
4560,7
4561,1
4562,1
4563,3
4564,6
4565,7
4566,6
4567,4
4568,4
4569,6
457,7
4570,5
4571,7
4572,3
4573,3
4574,5
4575,0
4576,1
4577,0
4578,8
4579,3
458,1
4580,1
4581,9
4582,1
4583,0
4584,4
4585,3
4586,3
4587,2
4588,0
4589,2
459,2
4590,3
4591,1
4592,8
4593,7
4594,7
4595,2
4596,5
4597,5
4598,9
4599,0
46,1
460,8
4600,1
4601,9
4602,9
4603,8
4604,6
4605,2
4606,2
4607,4
4608,3
4609,3
461,6
4610,3
4611,3
4612,9
4613,6
4614,0
4615,0
4616,4
4617,0
4618,1
4619,1
462,3
4620,6
4621,8
4622,8
4623,2
4624,0
4625,9
4626,5
4627,8
4628,7
4629,4
463,1
4630,3
4631,1
4632,8
4633,0
4634,1
4635,5
4636,7
4637,3
4638,9
4639,4
464,7
4640,1
4641,6
4642,4
4643,9
4644,2
4645,7
4646,1
4647,9
4648,4
4649,8
465,4
4650,6
4651,4
4652,6
4653,6
4654,3
4655,8
4656,3
4657,4
4658,9
4659,3
466,7
4660,0
4661,7
4662,8
4663,7
4664,8
4665,8
4666,8
4667,9
4668,0
4669,1
467,9
4670,6
4671,7
4672,7
4673,0
4674,5
4675,0
4676,8
4677,0
4678,4
4679,6
468,7
4680,5
4681,1
4682,2
4683,7
4684,6
4685,6
4686,2
4687,1
4688,6
4689,3
469,1
4690,8
4691,6
4692,6
4693,4
4694,0
4695,0
4696,9
4697,9
4698,7
4699,8
47,1
470,2
4700,2
4701,2
4702,7
4703,3
4704,7
4705,6
4706,7
4707,2
4708,1
4709,1
471,9
4710,5
4711,4
4712,2
4713,2
4714,2
4715,7
4716,6
4717,0
4718,4
4719,3
472,4
4720,3
4721,9
4722,8
4723,9
4724,5
4725,8
4726,3
4727,4
4728,8
4729,1
473,1
4730,3
4731,6
4732,4
4733,1
4734,6
4735,2
4736,1
4737,3
4738,9
4739,5
474,1
4740,6
4741,9
4742,0
4743,3
4744,6
4745,6
4746,6
4747,1
4748,7
4749,0
475,6
4750,5
4751,0
4752,4
4753,5
4754,6
4755,3
4756,8
4757,9
4758,7
4759,6
476,5
4760,0
4761,0
4762,8
4763,8
4764,0
4765,4
4766,2
4767,1
4768,9
4769,8
477,4
4770,5
4771,9
4772,4
4773,7
4774,5
4775,8
4776,7
4777,4
4778,7
4779,9
478,6
4780,9
4781,0
4782,3
4783,7
4784,5
4785,0
4786,2
4787,5
4788,6
4789,7
479,7
4790,7
4791,7
4792,7
4793,3
4794,2
4795,5
4796,6
4797,8
4798,6
4799,9
48,3
480,0
4800,6
4801,9
4802,3
4803,1
4804,7
4805,9
4806,3
4807,3
4808,5
4809,5
481,5
4810,6
4811,6
4812,4
4813,1
4814,1
4815,2
4816,7
4817,6
4818,3
4819,0
482,0
4820,1
4821,3
4822,5
4823,8
4824,9
4825,4
4826,6
4827,6
4828,1
4829,2
483,2
4830,5
4831,6
4832,3
4833,4
4834,7
4835,7
4836,1
4837,4
4838,5
4839,3
484,0
4840,2
4841,3
4842,8
4843,7
4844,8
4845,4
4846,5
4847,4
4848,0
4849,5
485,2
4850,5
4851,0
4852,2
4853,4
4854,9
4855,5
4856,3
4857,3
4858,3
4859,7
486,8
4860,3
4861,5
4862,5
4863,6
4864,7
4865,8
4866,6
4867,8
4868,2
4869,6
487,3
4870,5
4871,0
4872,6
4873,5
4874,4
4875,6
4876,8
4877,2
4878,4
4879,0
488,5
4880,5
4881,3
4882,3
4883,1
4884,0
4885,5
4886,2
4887,7
4888,5
4889,2
489,3
4890,9
4891,6
4892,9
4893,0
4894,7
4895,6
4896,1
4897,3
4898,0
4899,3
49,2
490,4
4900,0
4901,7
4902,8
4903,7
4904,2
4905,7
4906,1
4907,3
4908,3
4909,3
491,0
4910,5
4911,1
4912,1
4913,2
4914,5
4915,7
4916,0
4917,5
4918,7
4919,5
492,8
4920,6
4921,2
4922,9
4923,5
4924,7
4925,9
4926,4
4927,8
4928,6
4929,4
493,7
4930,9
4931,0
4932,7
4933,5
4934,3
4935,4
4936,2
4937,2
4938,2
4939,8
494,8
4940,5
4941,4
4942,0
4943,0
4944,0
4945,5
4946,1
4947,3
4948,4
4949,4
495,3
4950,4
4951,7
4952,7
4953,5
4954,3
4955,1
4956,9
4957,9
4958,2
4959,1
496,7
4960,2
4961,1
4962,1
4963,5
4964,8
4965,9
4966,5
4967,3
4968,6
4969,2
497,9
4970,4
4971,9
4972,3
4973,2
4974,2
4975,3
4976,1
4977,6
4978,9
4979,8
498,6
4980,9
4981,0
4982,0
4983,0
4984,7
4985,7
4986,7
4987,1
4988,1
4989,4
499,5
4990,8
4991,0
4992,8
4993,0
4994,8
4995,7
4996,6
4997,3
4998,1
4999,3
5,1
50,5
500,6
5000,8
5001,0
5002,2
5003,5
5004,2
5005,5
5006,7
5007,0
5008,6
5009,7
501,1
5010,0
5011,2
5012,3
5013,4
5014,6
5015,2
5016,1
5017,5
5018,1
5019,3
502,0
5020,1
5021,8
5022,0
5023,0
5024,8
5025,4
5026,7
5027,9
5028,2
5029,9
503,3
5030,2
5031,1
5032,8
5033,3
5034,9
5035,9
5036,6
5037,3
5038,8
5039,4
504,6
5040,8
5041,9
5042,4
5043,2
5044,0
5045,5
5046,6
5047,9
5048,0
5049,1
505,3
5050,4
5051,7
5052,2
5053,8
5054,9
5055,8
5056,5
5057,8
5058,5
5059,8
506,4
5060,4
5061,0
5062,4
5063,8
5064,3
5065,2
5066,0
5067,0
5068,0
5069,6
507,3
5070,1
5071,5
5072,6
5073,8
5074,3
5075,1
5076,9
5077,4
5078,8
5079,3
508,4
5080,2
5081,6
5082,6
5083,8
5084,6
5085,0
5086,7
5087,4
5088,7
5089,4
509,3
5090,5
5091,7
5092,1
5093,1
5094,5
5095,4
5096,6
5097,8
5098,4
5099,2
51,4
510,3
5100,1
5101,5
5102,1
5103,5
5104,5
5105,7
5106,8
5107,4
5108,8
5109,0
511,4
5110,8
5111,4
5112,7
5113,9
5114,3
5115,6
5116,4
5117,0
5118,4
5119,9
512,1
5120,4
5121,6
5122,1
5123,1
5124,7
5125,6
5126,7
5127,3
5128,7
5129,9
513,6
5130,3
5131,5
5132,9
5133,8
5134,8
5135,4
5136,4
5137,0
5138,0
5139,5
514,2
5140,3
5141,1
5142,9
5143,7
5144,4
5145,4
5146,8
5147,7
5148,5
5149,3
515,2
5150,2
5151,4
5152,6
5153,0
5154,1
5155,5
5156,7
5157,7
5158,0
5159,0
516,1
5160,3
5161,0
5162,9
5163,4
5164,8
5165,1
5166,3
5167,7
5168,2
5169,4
517,2
5170,1
5171,8
5172,1
5173,2
5174,7
5175,4
5176,7
5177,9
5178,0
5179,5
518,8
5180,1
5181,4
5182,9
5183,2
5184,3
5185,7
5186,7
5187,6
5188,1
5189,4
519,2
5190,8
5191,8
5192,7
5193,2
5194,1
5195,5
5196,7
5197,9
5198,2
5199,0
52,0
520,5
5200,7
5201,5
5202,6
5203,2
5204,4
5205,4
5206,4
5207,1
5208,6
5209,6
521,7
5210,9
5211,9
5212,5
5213,4
5214,1
5215,2
5216,6
5217,3
5218,2
5219,9
522,4
5220,3
5221,3
5222,1
5223,0
5224,2
5225,3
5226,5
5227,4
5228,3
5229,4
523,5
5230,4
5231,8
5232,7
5233,9
5234,5
5235,1
5236,8
5237,2
5238,4
5239,2
524,2
5240,1
5241,1
5242,9
5243,4
5244,4
5245,2
5246,3
5247,1
5248,6
5249,8
525,1
5250,4
5251,2
5252,2
5253,1
5254,6
5255,0
5256,1
5257,4
5258,5
5259,4
526,8
5260,4
5261,9
5262,5
5263,4
5264,2
5265,1
5266,4
5267,0
5268,5
5269,7
527,9
5270,4
5271,4
5272,0
5273,4
5274,2
5275,6
5276,0
5277,5
5278,7
5279,2
528,6
5280,8
5281,5
5282,7
5283,0
5284,9
5285,6
5286,2
5287,5
5288,5
5289,7
529,2
5290,0
5291,6
5292,0
5293,9
5294,3
5295,9
5296,9
5297,5
5298,1
5299,3
53,0
530,1
5300,7
5301,9
5302,8
5303,5
5304,7
5305,3
5306,4
5307,4
5308,3
5309,6
531,5
5310,0
5311,4
5312,9
5313,6
5314,4
5315,6
5316,1
5317,9
5318,2
5319,4
532,3
5320,8
5321,8
5322,4
5323,0
5324,5
5325,9
5326,9
5327,2
5328,1
5329,9
533,5
5330,1
5331,8
5332,5
5333,2
5334,1
5335,0
5336,6
5337,5
5338,4
5339,5
534,3
5340,8
5341,1
5342,9
5343,9
5344,4
5345,1
5346,3
5347,2
5348,9
5349,1
535,0
5350,1
5351,0
5352,6
5353,8
5354,6
5355,7
5356,9
5357,3
5358,3
5359,1
536,3
5360,9
5361,0
5362,4
5363,0
5364,9
5365,2
5366,5
5367,0
5368,1
5369,1
537,3
5370,0
5371,4
5372,0
5373,1
5374,3
5375,4
5376,8
5377,4
5378,9
5379,2
538,4
5380,2
5381,5
5382,6
5383,1
5384,9
5385,6
5386,3
5387,8
5388,9
5389,1
539,8
5390,8
5391,6
5392,9
5393,1
5394,1
5395,2
5396,7
5397,4
5398,8
5399,2
54,9
540,1
5400,1
5401,7
5402,4
5403,5
5404,6
5405,2
5406,4
5407,0
5408,6
5409,6
541,1
5410,9
5411,5
5412,1
5413,5
5414,6
5415,2
5416,0
5417,5
5418,2
5419,4
542,4
5420,5
5421,2
5422,2
5423,0
5424,1
5425,1
5426,8
5427,1
5428,2
5429,2
543,5
5430,9
5431,2
5432,6
5433,8
5434,6
5435,4
5436,7
5437,8
5438,0
5439,6
544,0
5440,7
5441,8
5442,6
5443,6
5444,4
5445,4
5446,6
5447,9
5448,7
5449,6
545,6
5450,7
5451,8
5452,9
5453,5
5454,0
5455,4
5456,0
5457,9
5458,1
5459,1
546,3
5460,2
5461,3
5462,1
5463,2
5464,9
5465,4
5466,5
5467,6
5468,5
5469,4
547,5
5470,2
5471,2
5472,1
5473,2
5474,8
5475,0
5476,2
5477,7
5478,0
5479,8
548,9
5480,9
5481,8
5482,8
5483,8
5484,2
5485,2
5486,9
5487,8
5488,5
5489,6
549,2
5490,7
5491,3
5492,0
5493,4
5494,9
5495,7
5496,5
5497,8
5498,1
5499,7
55,8
550,0
5500,9
5501,1
5502,3
5503,5
5504,8
5505,7
5506,7
5507,5
5508,9
5509,3
551,0
5510,1
5511,5
5512,9
5513,9
5514,4
5515,3
5516,8
5517,1
5518,8
5519,5
552,2
5520,2
5521,0
5522,3
5523,6
5524,0
5525,8
5526,4
5527,7
5528,5
5529,1
553,8
5530,0
5531,8
5532,3
5533,4
5534,0
5535,7
5536,5
5537,6
5538,9
5539,6
554,5
5540,3
5541,4
5542,5
5543,6
5544,0
5545,0
5546,1
5547,6
5548,8
5549,8
555,2
5550,1
5551,3
5552,5
5553,1
5554,6
5555,8
5556,4
5557,9
5558,5
5559,6
556,8
5560,1
5561,3
5562,9
5563,0
5564,5
5565,3
5566,5
5567,1
5568,5
5569,5
557,4
5570,2
5571,0
5572,9
5573,8
5574,4
5575,4
5576,7
5577,2
5578,1
5579,0
558,9
5580,6
5581,5
5582,2
5583,7
5584,5
5585,2
5586,7
5587,5
5588,5
5589,1
559,6
5590,9
5591,7
5592,5
5593,7
5594,4
5595,7
5596,8
5597,7
5598,1
5599,2
56,6
560,0
5600,4
5601,2
5602,5
5603,5
5604,7
5605,2
5606,2
5607,9
5608,1
5609,3
561,5
5610,2
5611,5
5612,8
5613,0
5614,2
5615,3
5616,4
5617,5
5618,8
5619,2
562,0
5620,0
5621,9
5622,7
5623,4
5624,0
5625,0
5626,5
5627,6
5628,9
5629,5
563,4
5630,9
5631,2
5632,1
5633,4
5634,5
5635,3
5636,1
5637,1
5638,7
5639,8
564,1
5640,6
5641,4
5642,8
5643,1
5644,9
5645,8
5646,5
5647,0
5648,5
5649,8
565,2
5650,1
5651,1
5652,4
5653,3
5654,9
5655,9
5656,8
5657,7
5658,9
5659,2
566,1
5660,7
5661,0
5662,5
5663,2
5664,4
5665,9
5666,0
5667,2
5668,6
5669,2
567,5
5670,8
5671,0
5672,7
5673,1
5674,0
5675,4
5676,8
5677,2
5678,8
5679,7
568,5
5680,2
5681,9
5682,9
5683,7
5684,4
5685,5
5686,0
5687,5
5688,5
5689,8
569,5
5690,9
5691,0
5692,1
5693,4
5694,8
5695,5
5696,2
5697,7
5698,1
5699,5
57,7
570,9
5700,4
5701,5
5702,9
5703,7
5704,6
5705,8
5706,6
5707,7
5708,4
5709,1
571,7
5710,7
5711,0
5712,2
5713,1
5714,5
5715,0
5716,2
5717,7
5718,1
5719,7
572,4
5720,3
5721,1
5722,6
5723,3
5724,0
5725,2
5726,5
5727,8
5728,3
5729,6
573,5
5730,7
5731,1
5732,6
5733,7
5734,5
5735,8
5736,1
5737,6
5738,7
5739,5
574,5
5740,6
5741,8
5742,0
5743,8
5744,8
5745,0
5746,5
5747,7
5748,6
5749,5
575,7
5750,5
5751,0
5752,1
5753,9
5754,8
5755,5
5756,2
5757,0
5758,8
5759,9
576,7
5760,0
5761,3
5762,5
5763,7
5764,2
5765,4
5766,8
5767,5
5768,2
5769,3
577,5
5770,7
5771,1
5772,0
5773,7
5774,5
5775,3
5776,0
5777,6
5778,0
5779,6
578,6
5780,5
5781,6
5782,6
5783,1
5784,5
5785,0
5786,9
5787,3
5788,9
5789,4
579,1
5790,1
5791,7
5792,7
5793,5
5794,5
5795,8
5796,2
5797,9
5798,9
5799,9
58,2
580,6
5800,5
5801,9
5802,7
5803,8
5804,4
5805,2
5806,7
5807,8
5808,7
5809,0
581,9
5810,3
5811,7
5812,6
5813,7
5814,5
5815,1
5816,8
5817,2
5818,9
5819,7
582,2
5820,2
5821,7
5822,3
5823,5
5824,2
5825,3
5826,7
5827,6
5828,9
5829,5
583,7
5830,1
5831,0
5832,2
5833,5
5834,1
5835,3
5836,0
5837,7
5838,8
5839,3
584,9
5840,4
5841,6
5842,6
5843,9
5844,6
5845,8
5846,7
5847,6
5848,7
5849,7
585,8
5850,7
5851,9
5852,2
5853,3
5854,6
5855,1
5856,1
5857,6
5858,6
5859,8
586,5
5860,0
5861,4
5862,8
5863,5
5864,5
5865,4
5866,0
5867,7
5868,7
5869,7
587,5
5870,0
5871,7
5872,3
5873,4
5874,7
5875,2
5876,9
5877,9
5878,3
5879,0
588,0
5880,5
5881,4
5882,9
5883,3
5884,5
5885,3
5886,3
5887,6
5888,4
5889,7
589,3
5890,2
5891,5
5892,1
5893,0
5894,6
5895,7
5896,9
5897,1
5898,3
5899,8
59,8
590,3
5900,7
5901,9
5902,4
5903,5
5904,5
5905,2
5906,9
5907,7
5908,2
5909,1
591,8
5910,0
5911,8
5912,0
5913,3
5914,4
5915,9
5916,2
5917,0
5918,0
5919,9
592,1
5920,6
5921,7
5922,7
5923,1
5924,5
5925,6
5926,0
5927,8
5928,5
5929,1
593,1
5930,0
5931,7
5932,8
5933,9
5934,0
5935,6
5936,9
5937,4
5938,1
5939,6
594,4
5940,8
5941,0
5942,5
5943,9
5944,3
5945,5
5946,9
5947,1
5948,0
5949,3
595,7
5950,8
5951,1
5952,8
5953,5
5954,8
5955,5
5956,2
5957,2
5958,9
5959,8
596,1
5960,3
5961,2
5962,9
5963,3
5964,0
5965,9
5966,4
5967,6
5968,6
5969,8
597,0
5970,6
5971,5
5972,3
5973,0
5974,2
5975,3
5976,3
5977,7
5978,3
5979,2
598,1
5980,1
5981,9
5982,2
5983,9
5984,7
5985,5
5986,6
5987,1
5988,6
5989,2
599,6
5990,3
5991,7
5992,6
5993,7
5994,2
5995,7
5996,4
5997,0
5998,5
5999,0
6,1
60,0
600,4
6000,7
6001,8
6002,5
6003,3
6004,2
6005,8
6006,8
6007,8
6008,5
6009,3
601,3
6010,5
6011,5
6012,8
6013,3
6014,1
6015,5
6016,7
6017,2
6018,7
6019,5
602,8
6020,2
6021,2
6022,1
6023,5
6024,5
6025,7
6026,5
6027,8
6028,2
6029,5
603,9
6030,3
6031,7
6032,6
6033,4
6034,0
6035,1
6036,4
6037,0
6038,5
6039,6
604,7
6040,9
6041,3
6042,6
6043,2
6044,0
6045,4
6046,3
6047,8
6048,3
6049,4
605,7
6050,1
6051,6
6052,7
6053,2
6054,6
6055,8
6056,6
6057,3
6058,9
6059,9
606,1
6060,0
6061,0
6062,1
6063,3
6064,0
6065,0
6066,5
6067,2
6068,1
6069,2
607,6
6070,0
6071,1
6072,1
6073,2
6074,4
6075,8
6076,1
6077,0
6078,2
6079,4
608,1
6080,8
6081,6
6082,5
6083,3
6084,7
6085,6
6086,2
6087,0
6088,7
6089,9
609,8
6090,4
6091,8
6092,2
6093,5
6094,5
6095,8
6096,7
6097,6
6098,9
6099,7
61,1
610,8
6100,2
6101,8
6102,4
6103,6
6104,6
6105,2
6106,5
6107,6
6108,8
6109,4
611,8
6110,8
6111,5
6112,4
6113,4
6114,2
6115,4
6116,6
6117,2
6118,6
6119,9
612,5
6120,0
6121,9
6122,4
6123,4
6124,6
6125,5
6126,1
6127,5
6128,2
6129,3
613,4
6130,2
6131,8
6132,7
6133,0
6134,8
6135,1
6136,2
6137,1
6138,6
6139,8
614,5
6140,7
6141,7
6142,9
6143,4
6144,8
6145,0
6146,8
6147,8
6148,8
6149,7
615,3
6150,1
6151,6
6152,1
6153,9
6154,6
6155,3
6156,8
6157,2
6158,1
6159,4
616,9
6160,9
6161,9
6162,8
6163,5
6164,4
6165,8
6166,8
6167,8
6168,0
6169,1
617,7
6170,8
6171,2
6172,1
6173,8
6174,3
6175,1
6176,4
6177,5
6178,0
6179,7
618,3
6180,5
6181,2
6182,2
6183,8
6184,4
6185,2
6186,1
6187,1
6188,1
6189,0
619,5
6190,7
6191,7
6192,0
6193,9
6194,5
6195,7
6196,2
6197,3
6198,4
6199,2
62,1
620,7
6200,4
6201,0
6202,9
6203,6
6204,3
6205,9
6206,6
6207,7
6208,5
6209,3
621,1
6210,5
6211,4
6212,5
6213,4
6214,8
6215,3
6216,2
6217,7
6218,5
6219,5
622,4
6220,0
6221,8
6222,6
6223,8
6224,5
6225,7
6226,8
6227,6
6228,3
6229,7
623,5
6230,0
6231,9
6232,7
6233,6
6234,8
6235,3
6236,0
6237,3
6238,6
6239,5
624,1
6240,5
6241,9
6242,6
6243,6
6244,2
6245,2
6246,3
6247,6
6248,9
6249,3
625,1
6250,6
6251,5
6252,0
6253,8
6254,7
6255,1
6256,9
6257,3
6258,4
6259,6
626,4
6260,3
6261,4
6262,4
6263,1
6264,2
6265,5
6266,6
6267,6
6268,2
6269,5
627,4
6270,7
6271,2
6272,0
6273,2
6274,8
6275,0
6276,5
6277,8
6278,5
6279,9
628,1
6280,1
6281,7
6282,1
6283,9
6284,2
6285,6
6286,8
6287,3
6288,4
6289,5
629,6
6290,8
6291,2
6292,0
6293,2
6294,5
6295,0
6296,2
6297,2
6298,5
6299,7
63,7
630,2
6300,6
6301,7
6302,8
6303,8
6304,6
6305,3
6306,9
6307,5
6308,8
6309,6
631,2
6310,9
6311,5
6312,1
6313,0
6314,7
6315,6
6316,6
6317,4
6318,5
6319,9
632,3
6320,0
6321,7
6322,7
6323,7
6324,3
6325,3
6326,1
6327,0
6328,1
6329,6
633,5
6330,9
6331,1
6332,2
6333,7
6334,7
6335,5
6336,3
6337,0
6338,4
6339,5
634,6
6340,3
6341,9
6342,1
6343,0
6344,2
6345,3
6346,9
6347,2
6348,2
6349,1
635,7
6350,4
6351,8
6352,3
6353,8
6354,2
6355,4
6356,1
6357,4
6358,5
6359,7
636,1
6360,3
6361,6
6362,3
6363,5
6364,7
6365,8
6366,2
6367,2
6368,5
6369,2
637,5
6370,2
6371,2
6372,2
6373,3
6374,7
6375,6
6376,5
6377,8
6378,0
6379,5
638,8
6380,2
6381,6
6382,7
6383,2
6384,9
6385,3
6386,7
6387,5
6388,8
6389,3
639,2
6390,0
6391,9
6392,7
6393,2
6394,8
6395,1
6396,5
6397,4
6398,6
6399,2
64,9
640,6
6400,1
6401,4
6402,1
6403,6
6404,4
6405,9
6406,4
6407,0
6408,3
6409,0
641,7
6410,1
6411,6
6412,9
6413,8
6414,5
6415,8
6416,6
6417,5
6418,6
6419,1
642,6
6420,0
6421,6
6422,1
6423,2
6424,7
6425,4
6426,2
6427,6
6428,9
6429,0
643,5
6430,1
6431,9
6432,1
6433,2
6434,8
6435,3
6436,9
6437,0
6438,4
6439,0
644,5
6440,0
6441,4
6442,0
6443,8
6444,9
6445,3
6446,1
6447,8
6448,9
6449,2
645,5
6450,4
6451,0
6452,0
6453,0
6454,9
6455,0
6456,7
6457,8
6458,3
6459,3
646,5
6460,5
6461,2
6462,5
6463,1
6464,5
6465,7
6466,3
6467,9
6468,9
6469,8
647,5
6470,0
6471,4
6472,9
6473,2
6474,2
6475,4
6476,9
6477,4
6478,8
6479,2
648,0
6480,4
6481,5
6482,7
6483,5
6484,4
6485,6
6486,1
6487,8
6488,0
6489,5
649,4
6490,3
6491,2
6492,9
6493,0
6494,3
6495,0
6496,9
6497,1
6498,1
6499,1
65,6
650,4
6500,0
6501,2
6502,9
6503,2
6504,0
6505,4
6506,7
6507,4
6508,4
6509,4
651,3
6510,3
6511,1
6512,6
6513,1
6514,1
6515,9
6516,6
6517,6
6518,8
6519,5
652,8
6520,6
6521,4
6522,8
6523,0
6524,2
6525,9
6526,7
6527,7
6528,4
6529,6
653,2
6530,3
6531,6
6532,8
6533,4
6534,3
6535,2
6536,9
6537,2
6538,5
6539,4
654,6
6540,0
6541,8
6542,9
6543,3
6544,6
6545,1
6546,9
6547,2
6548,2
6549,7
655,2
6550,6
6551,4
6552,5
6553,4
6554,9
6555,1
6556,1
6557,9
6558,4
6559,6
656,4
6560,0
6561,9
6562,5
6563,8
6564,1
6565,9
6566,5
6567,1
6568,9
6569,0
657,0
6570,8
6571,1
6572,9
6573,5
6574,2
6575,3
6576,6
6577,2
6578,4
6579,0
658,7
6580,7
6581,1
6582,6
6583,1
6584,2
6585,4
6586,7
6587,4
6588,4
6589,4
659,9
6590,2
6591,2
6592,9
6593,7
6594,1
6595,7
6596,6
6597,3
6598,7
6599,8
66,1
660,7
6600,5
6601,8
6602,0
6603,0
6604,2
6605,1
6606,7
6607,8
6608,4
6609,0
661,7
6610,6
6611,3
6612,5
6613,5
6614,5
6615,8
6616,2
6617,7
6618,2
6619,9
662,3
6620,2
6621,3
6622,9
6623,4
6624,2
6625,8
6626,8
6627,2
6628,8
6629,4
663,4
6630,0
6631,9
6632,3
6633,8
6634,6
6635,3
6636,4
6637,4
6638,0
6639,3
664,3
6640,3
6641,3
6642,6
6643,8
6644,3
6645,9
6646,2
6647,3
6648,9
6649,0
665,2
6650,7
6651,5
6652,5
6653,3
6654,0
6655,3
6656,2
6657,9
6658,2
6659,4
666,4
6660,9
6661,4
6662,3
6663,7
6664,9
6665,8
6666,6
6667,3
6668,6
6669,5
667,8
6670,7
6671,5
6672,3
6673,7
6674,0
6675,8
6676,6
6677,9
6678,7
6679,3
668,1
6680,5
6681,8
6682,8
6683,2
6684,5
6685,4
6686,3
6687,3
6688,4
6689,8
669,5
6690,3
6691,5
6692,2
6693,6
6694,6
6695,3
6696,0
6697,8
6698,8
6699,1
67,8
670,0
6700,5
6701,5
6702,9
6703,2
6704,3
6705,1
6706,8
6707,8
6708,9
6709,9
671,3
6710,1
6711,7
6712,8
6713,6
6714,9
6715,0
6716,5
6717,8
6718,3
6719,5
672,3
6720,7
6721,9
6722,0
6723,6
6724,3
6725,7
6726,7
6727,7
6728,5
6729,5
673,8
6730,9
6731,3
6732,2
6733,1
6734,4
6735,0
6736,6
6737,4
6738,2
6739,1
674,2
6740,2
6741,6
6742,2
6743,1
6744,8
6745,4
6746,6
6747,2
6748,0
6749,1
675,1
6750,4
6751,5
6752,8
6753,9
6754,6
6755,3
6756,6
6757,8
6758,9
6759,3
676,5
6760,0
6761,1
6762,0
6763,4
6764,8
6765,8
6766,9
6767,5
6768,0
6769,4
677,3
6770,1
6771,6
6772,7
6773,2
6774,9
6775,0
6776,3
6777,9
6778,6
6779,1
678,8
6780,2
6781,4
6782,2
6783,4
6784,6
6785,7
6786,2
6787,5
6788,3
6789,9
679,3
6790,6
6791,0
6792,7
6793,4
6794,1
6795,2
6796,0
6797,8
6798,1
6799,5
68,0
680,7
6800,6
6801,5
6802,6
6803,0
6804,5
6805,1
6806,9
6807,2
6808,8
6809,7
681,2
6810,9
6811,7
6812,3
6813,8
6814,0
6815,5
6816,6
6817,0
6818,2
6819,0
682,4
6820,6
6821,1
6822,5
6823,6
6824,5
6825,2
6826,3
6827,7
6828,4
6829,0
683,4
6830,1
6831,5
6832,8
6833,3
6834,4
6835,8
6836,1
6837,7
6838,1
6839,8
684,3
6840,7
6841,8
6842,0
6843,5
6844,0
6845,9
6846,5
6847,0
6848,4
6849,7
685,5
6850,2
6851,6
6852,8
6853,0
6854,2
6855,8
6856,2
6857,4
6858,8
6859,7
686,6
6860,0
6861,2
6862,8
6863,9
6864,2
6865,4
6866,9
6867,1
6868,8
6869,7
687,5
6870,8
6871,7
6872,0
6873,1
6874,9
6875,5
6876,7
6877,6
6878,4
6879,1
688,8
6880,1
6881,5
6882,7
6883,8
6884,1
6885,4
6886,3
6887,0
6888,8
6889,1
689,4
6890,3
6891,1
6892,6
6893,2
6894,1
6895,9
6896,7
6897,1
6898,3
6899,6
69,4
690,2
6900,5
6901,2
6902,0
6903,3
6904,8
6905,7
6906,9
6907,6
6908,8
6909,1
691,4
6910,3
6911,9
6912,4
6913,4
6914,8
6915,3
6916,8
6917,5
6918,0
6919,5
692,4
6920,6
6921,9
6922,5
6923,0
6924,5
6925,1
6926,6
6927,7
6928,4
6929,0
693,4
6930,5
6931,9
6932,5
6933,2
6934,6
6935,3
6936,6
6937,9
6938,1
6939,6
694,9
6940,8
6941,4
6942,5
6943,4
6944,8
6945,9
6946,8
6947,3
6948,9
6949,3
695,3
6950,6
6951,5
6952,3
6953,9
6954,3
6955,9
6956,5
6957,9
6958,6
6959,5
696,7
6960,3
6961,7
6962,8
6963,0
6964,8
6965,8
6966,2
6967,1
6968,0
6969,3
697,7
6970,5
6971,7
6972,1
6973,3
6974,3
6975,6
6976,3
6977,1
6978,7
6979,7
698,8
6980,4
6981,2
6982,1
6983,6
6984,0
6985,9
6986,0
6987,2
6988,9
6989,5
699,0
6990,1
6991,9
6992,9
6993,0
6994,4
6995,6
6996,8
6997,2
6998,8
6999,5
7,1
70,2
700,4
7000,1
7001,2
7002,3
7003,2
7004,9
7005,7
7006,3
7007,8
7008,4
7009,0
701,5
7010,4
7011,1
7012,6
7013,7
7014,6
7015,7
7016,1
7017,7
7018,9
7019,8
702,8
7020,0
7021,3
7022,7
7023,7
7024,7
7025,9
7026,2
7027,8
7028,6
7029,1
703,5
7030,7
7031,7
7032,5
7033,1
7034,5
7035,4
7036,6
7037,8
7038,4
7039,0
704,8
7040,5
7041,5
7042,6
7043,3
7044,7
7045,6
7046,1
7047,9
7048,9
7049,9
705,0
7050,8
7051,4
7052,1
7053,9
7054,4
7055,1
7056,1
7057,7
7058,5
7059,1
706,8
7060,7
7061,5
7062,7
7063,5
7064,3
7065,0
7066,1
7067,1
7068,5
7069,4
707,4
7070,2
7071,1
7072,6
7073,1
7074,5
7075,6
7076,6
7077,8
7078,8
7079,0
708,9
7080,8
7081,7
7082,7
7083,5
7084,2
7085,2
7086,1
7087,0
7088,4
7089,7
709,9
7090,2
7091,5
7092,8
7093,0
7094,9
7095,8
7096,5
7097,9
7098,1
7099,7
71,1
710,2
7100,2
7101,0
7102,7
7103,7
7104,1
7105,4
7106,4
7107,1
7108,6
7109,3
711,8
7110,3
7111,7
7112,0
7113,1
7114,8
7115,2
7116,9
7117,9
7118,5
7119,3
712,0
7120,5
7121,5
7122,7
7123,4
7124,3
7125,9
7126,9
7127,0
7128,0
7129,1
713,4
7130,5
7131,9
7132,8
7133,4
7134,7
7135,5
7136,9
7137,3
7138,8
7139,9
714,2
7140,6
7141,7
7142,2
7143,3
7144,1
7145,0
7146,0
7147,9
7148,9
7149,2
715,1
7150,0
7151,2
7152,9
7153,2
7154,4
7155,2
7156,7
7157,0
7158,6
7159,3
716,8
7160,3
7161,2
7162,0
7163,0
7164,9
7165,0
7166,4
7167,1
7168,7
7169,5
717,3
7170,5
7171,9
7172,4
7173,1
7174,6
7175,9
7176,3
7177,3
7178,1
7179,5
718,8
7180,8
7181,9
7182,2
7183,5
7184,7
7185,0
7186,9
7187,6
7188,0
7189,4
719,1
7190,1
7191,1
7192,2
7193,9
7194,2
7195,2
7196,5
7197,9
7198,6
7199,3
72,7
720,1
7200,3
7201,1
7202,1
7203,2
7204,4
7205,8
7206,3
7207,5
7208,6
7209,0
721,6
7210,7
7211,6
7212,8
7213,4
7214,2
7215,6
7216,2
7217,1
7218,3
7219,7
722,7
7220,6
7221,3
7222,9
7223,7
7224,5
7225,9
7226,4
7227,5
7228,1
7229,1
723,9
7230,0
7231,4
7232,3
7233,5
7234,8
7235,2
7236,6
7237,9
7238,3
7239,6
724,1
7240,8
7241,7
7242,5
7243,4
7244,4
7245,4
7246,9
7247,2
7248,0
7249,7
725,4
7250,6
7251,3
7252,8
7253,3
7254,4
7255,2
7256,1
7257,0
7258,9
7259,1
726,0
7260,0
7261,4
7262,0
7263,8
7264,7
7265,2
7266,9
7267,7
7268,7
7269,2
727,9
7270,7
7271,4
7272,7
7273,6
7274,2
7275,1
7276,7
7277,0
7278,4
7279,4
728,0
7280,2
7281,8
7282,3
7283,7
7284,9
7285,8
7286,4
7287,9
7288,2
7289,0
729,0
7290,2
7291,1
7292,2
7293,1
7294,3
7295,3
7296,9
7297,0
7298,2
7299,1
73,1
730,3
7300,8
7301,4
7302,9
7303,5
7304,9
7305,6
7306,9
7307,9
7308,5
7309,0
731,0
7310,0
7311,9
7312,6
7313,0
7314,9
7315,7
7316,2
7317,7
7318,6
7319,8
732,9
7320,0
7321,9
7322,4
7323,8
7324,6
7325,8
7326,3
7327,2
7328,9
7329,7
733,1
7330,9
7331,5
7332,4
7333,8
7334,0
7335,0
7336,7
7337,1
7338,6
7339,5
734,3
7340,1
7341,3
7342,4
7343,5
7344,9
7345,0
7346,4
7347,1
7348,6
7349,6
735,0
7350,4
7351,9
7352,3
7353,8
7354,9
7355,9
7356,1
7357,5
7358,3
7359,8
736,8
7360,1
7361,4
7362,8
7363,0
7364,3
7365,1
7366,0
7367,2
7368,5
7369,7
737,8
7370,0
7371,4
7372,0
7373,0
7374,1
7375,0
7376,5
7377,2
7378,3
7379,0
738,3
7380,9
7381,3
7382,5
7383,9
7384,6
7385,1
7386,2
7387,6
7388,1
7389,7
739,8
7390,1
7391,7
7392,2
7393,8
7394,8
7395,6
7396,7
7397,5
7398,2
7399,9
74,2
740,6
7400,0
7401,2
7402,5
7403,5
7404,2
7405,4
7406,2
7407,7
7408,3
7409,4
741,0
7410,5
7411,1
7412,7
7413,5
7414,1
7415,0
7416,5
7417,8
7418,2
7419,0
742,8
7420,0
7421,3
7422,4
7423,5
7424,7
7425,2
7426,6
7427,6
7428,9
7429,5
743,5
7430,0
7431,5
7432,0
7433,2
7434,9
7435,6
7436,8
7437,6
7438,7
7439,9
744,0
7440,6
7441,0
7442,4
7443,9
7444,5
7445,4
7446,8
7447,0
7448,0
7449,6
745,9
7450,0
7451,2
7452,6
7453,4
7454,8
7455,5
7456,3
7457,5
7458,4
7459,2
746,3
7460,8
7461,0
7462,8
7463,3
7464,9
7465,0
7466,4
7467,2
7468,7
7469,1
747,9
7470,4
7471,5
7472,0
7473,3
7474,5
7475,4
7476,8
7477,8
7478,7
7479,3
748,4
7480,1
7481,8
7482,0
7483,2
7484,5
7485,3
7486,9
7487,9
7488,4
7489,3
749,6
7490,1
7491,1
7492,3
7493,8
7494,5
7495,5
7496,6
7497,3
7498,1
7499,4
75,7
750,7
7500,9
7501,1
7502,6
7503,3
7504,8
7505,7
7506,1
7507,4
7508,8
7509,1
751,4
7510,9
7511,6
7512,1
7513,3
7514,6
7515,6
7516,3
7517,5
7518,0
7519,8
752,0
7520,3
7521,0
7522,3
7523,0
7524,8
7525,7
7526,2
7527,3
7528,7
7529,2
753,7
7530,6
7531,9
7532,8
7533,4
7534,0
7535,5
7536,5
7537,6
7538,0
7539,4
754,0
7540,3
7541,5
7542,2
7543,9
7544,9
7545,2
7546,0
7547,9
7548,6
7549,9
755,2
7550,7
7551,6
7552,6
7553,5
7554,7
7555,6
7556,3
7557,1
7558,9
7559,7
756,4
7560,4
7561,9
7562,3
7563,7
7564,0
7565,0
7566,9
7567,2
7568,4
7569,7
757,9
7570,5
7571,0
7572,5
7573,8
7574,4
7575,4
7576,1
7577,5
7578,2
7579,3
758,1
7580,4
7581,7
7582,1
7583,3
7584,7
7585,6
7586,6
7587,7
7588,0
7589,4
759,9
7590,2
7591,2
7592,9
7593,6
7594,5
7595,4
7596,8
7597,8
7598,5
7599,4
76,5
760,6
7600,6
7601,6
7602,7
7603,0
7604,6
7605,1
7606,5
7607,1
7608,7
7609,8
761,4
7610,4
7611,4
7612,3
7613,9
7614,3
7615,6
7616,4
7617,2
7618,6
7619,7
762,4
7620,1
7621,3
7622,6
7623,8
7624,0
7625,3
7626,1
7627,5
7628,2
7629,6
763,2
7630,6
7631,5
7632,9
7633,7
7634,0
7635,0
7636,5
7637,0
7638,5
7639,1
764,1
7640,6
7641,5
7642,4
7643,9
7644,5
7645,2
7646,2
7647,8
7648,3
7649,6
765,6
7650,2
7651,4
7652,5
7653,1
7654,9
7655,4
7656,4
7657,2
7658,0
7659,0
766,6
7660,7
7661,4
7662,6
7663,7
7664,4
7665,4
7666,9
7667,3
7668,6
7669,7
767,4
7670,6
7671,9
7672,5
7673,8
7674,0
7675,9
7676,2
7677,1
7678,6
7679,6
768,7
7680,7
7681,8
7682,2
7683,3
7684,2
7685,3
7686,3
7687,0
7688,7
7689,5
769,6
7690,4
7691,8
7692,4
7693,9
7694,9
7695,7
7696,7
7697,2
7698,9
7699,4
77,3
770,4
7700,7
7701,9
7702,4
7703,9
7704,4
7705,9
7706,5
7707,0
7708,0
7709,2
771,5
7710,5
7711,2
7712,9
7713,3
7714,2
7715,0
7716,8
7717,5
7718,5
7719,0
772,9
7720,0
7721,3
7722,6
7723,4
7724,7
7725,1
7726,6
7727,1
7728,4
7729,1
773,5
7730,7
7731,6
7732,2
7733,5
7734,8
7735,0
7736,9
7737,4
7738,4
7739,8
774,4
7740,1
7741,0
7742,1
7743,5
7744,5
7745,6
7746,3
7747,5
7748,7
7749,7
775,6
7750,5
7751,3
7752,9
7753,8
7754,5
7755,5
7756,4
7757,3
7758,1
7759,7
776,9
7760,9
7761,1
7762,5
7763,9
7764,7
7765,4
7766,4
7767,9
7768,0
7769,7
777,8
7770,3
7771,5
7772,6
7773,9
7774,9
7775,3
7776,5
7777,2
7778,7
7779,6
778,1
7780,9
7781,6
7782,0
7783,7
7784,6
7785,3
7786,0
7787,6
7788,0
7789,6
779,7
7790,2
7791,9
7792,5
7793,3
7794,9
7795,1
7796,2
7797,3
7798,3
7799,4
78,5
780,0
7800,1
7801,4
7802,2
7803,1
7804,6
7805,1
7806,5
7807,0
7808,5
7809,9
781,6
7810,8
7811,8
7812,6
7813,1
7814,4
7815,7
7816,2
7817,8
7818,8
7819,4
782,0
7820,5
7821,8
7822,6
7823,7
7824,1
7825,0
7826,2
7827,7
7828,2
7829,6
783,4
7830,9
7831,7
7832,9
7833,6
7834,5
7835,7
7836,8
7837,3
7838,3
7839,1
784,7
7840,4
7841,2
7842,9
7843,2
7844,1
7845,9
7846,0
7847,4
7848,5
7849,0
785,9
7850,9
7851,1
7852,5
7853,9
7854,5
7855,5
7856,7
7857,0
7858,4
7859,8
786,2
7860,0
7861,2
7862,3
7863,7
7864,4
7865,8
7866,7
7867,4
7868,8
7869,0
787,6
7870,7
7871,5
7872,6
7873,5
7874,1
7875,8
7876,4
7877,0
7878,5
7879,2
788,6
7880,9
7881,3
7882,4
7883,1
7884,5
7885,1
7886,3
7887,1
7888,2
7889,8
789,8
7890,4
7891,5
7892,9
7893,8
7894,9
7895,8
7896,7
7897,5
7898,5
7899,3
79,7
790,4
7900,2
7901,3
7902,5
7903,3
7904,2
7905,2
7906,1
7907,8
7908,8
7909,7
791,3
7910,4
7911,0
7912,0
7913,9
7914,4
7915,5
7916,5
7917,4
7918,8
7919,7
792,2
7920,8
7921,9
7922,8
7923,4
7924,9
7925,9
7926,4
7927,4
7928,9
7929,8
793,7
7930,7
7931,4
7932,6
7933,6
7934,2
7935,5
7936,2
7937,9
7938,9
7939,3
794,3
7940,4
7941,2
7942,6
7943,9
7944,4
7945,9
7946,8
7947,1
7948,7
7949,6
795,6
7950,3
7951,5
7952,9
7953,4
7954,3
7955,1
7956,0
7957,4
7958,0
7959,9
796,3
7960,4
7961,1
7962,6
7963,7
7964,7
7965,8
7966,2
7967,3
7968,4
7969,7
797,9
7970,9
7971,4
7972,5
7973,2
7974,9
7975,0
7976,8
7977,2
7978,2
7979,7
798,2
7980,0
7981,3
7982,6
7983,9
7984,6
7985,4
7986,2
7987,6
7988,1
7989,0
799,9
7990,9
7991,3
7992,2
7993,8
7994,5
7995,9
7996,6
7997,8
7998,8
7999,8
8,4
80,3
800,8
801,8
802,9
803,9
804,7
805,9
806,0
807,0
808,0
809,0
81,0
810,3
811,6
812,9
813,6
814,5
815,5
816,2
817,4
818,9
819,9
82,9
820,2
821,7
822,0
823,9
824,8
825,1
826,2
827,3
828,3
829,8
83,3
830,1
831,1
832,0
833,7
834,9
835,1
836,7
837,8
838,0
839,5
84,0
840,5
841,0
842,8
843,6
844,0
845,2
846,7
847,5
848,4
849,2
85,1
850,3
851,2
852,9
853,5
854,6
855,4
856,3
857,6
858,0
859,7
86,0
860,2
861,2
862,6
863,4
864,7
865,2
866,1
867,0
868,3
869,7
87,0
870,8
871,6
872,6
873,6
874,3
875,9
876,5
877,1
878,8
879,7
88,9
880,9
881,7
882,6
883,3
884,0
885,5
886,8
887,4
888,2
889,2
89,5
890,6
891,1
892,4
893,9
894,0
895,2
896,4
897,3
898,7
899,1
9,4
90,4
900,5
901,4
902,7
903,8
904,8
905,2
906,8
907,2
908,9
909,3
91,1
910,0
911,8
912,8
913,2
914,6
915,5
916,1
917,0
918,7
919,8
92,3
920,6
921,7
922,6
923,9
924,3
925,6
926,7
927,9
928,1
929,6
93,6
930,0
931,8
932,9
933,6
934,7
935,9
936,3
937,4
938,5
939,8
94,5
940,0
941,4
942,8
943,3
944,0
945,3
946,5
947,9
948,9
949,9
95,1
950,2
951,3
952,9
953,1
954,3
955,8
956,7
957,9
958,8
959,1
96,7
960,6
961,6
962,8
963,1
964,6
965,4
966,9
967,5
968,5
969,3
97,5
970,5
971,2
972,1
973,9
974,0
975,7
976,1
977,6
978,6
979,3
98,8
980,0
981,2
982,3
983,4
984,0
985,2
986,7
987,2
988,9
989,0
99,5
990,2
991,2
992,9
993,6
994,1
995,2
996,6
997,2
998,8
999,9
